﻿<parameters>
  <parameter name="IIS Web Application Name" defaultValue="https://haswgawaport.azurewebsites.net/" tags="IisApp">
    <parameterEntry kind="ProviderPath" scope="IisApp" match="^C:\\Users\\jsfwm\\OneDrive\\デスクトップ\\長谷川02-test\\obj\\Release\\Package\\PackageTmp$" />
    <parameterEntry kind="ProviderPath" scope="setAcl" match="^C:\\Users\\jsfwm\\OneDrive\\デスクトップ\\長谷川02-test\\obj\\Release\\Package\\PackageTmp$" />
  </parameter>
  <parameter name="Add write permission to App_Data Folder" description="Add write permission to App_Data folder" defaultValue="{IIS Web Application Name}/App_Data" tags="Hidden">
    <parameterEntry kind="ProviderPath" scope="setAcl" match="^C:\\Users\\jsfwm\\OneDrive\\デスクトップ\\長谷川02-test\\obj\\Release\\Package\\PackageTmp\\App_Data$" />
  </parameter>
  <parameter name="ConnectionString-Web.config Connection String" defaultValue="Data Source=(LocalDB)\MSSQLLocalDB;AttachDbFilename=|DataDirectory|\Member.mdf;Integrated Security=True">
    <parameterEntry kind="XmlFile" scope="C:\\Users\\jsfwm\\OneDrive\\デスクトップ\\長谷川02-test\\obj\\Release\\Package\\PackageTmp\\Web\.config$" match="/configuration/connectionStrings/add[@name='ConnectionString']/@connectionString" />
  </parameter>
  <parameter name="ConnectionString-Deployment Connection String" defaultValue="" tags="SqlConnectionString">
    <parameterEntry kind="ProviderPath" scope="DbDacFx" match="^C:\\Users\\jsfwm\\OneDrive\\デスクトップ\\長谷川02-test\\obj\\Release\\AutoScripts\\ConnectionString_IncrementalSchemaOnly\.dacpac$" />
  </parameter>
</parameters>